timestamp,open,high,low,close,adjusted_close,volume,dividend_amount,split_coefficient,ticker
2023-02-12,0.3449897,0.34583228,0.34115128,0.34208748,0.34208748,6269135,0.0,1.0,ADAEUR
2023-02-11,0.3351596,0.34658124,0.33394254,0.34489608,0.34489608,55904954,0.0,1.0,ADAEUR
2023-02-10,0.33909164,0.34227472,0.33085308,0.33525321999999996,0.33525321999999996,104289819,0.0,1.0,ADAEUR
2023-02-09,0.36905004,0.37045434,0.33169566,0.33909164,0.33909164,151503834,0.0,1.0,ADAEUR
2023-02-08,0.37345017999999996,0.37775670000000006,0.36071786,0.36905004,0.36905004,92872527,0.0,1.0,ADAEUR
2023-02-07,0.35790926,0.37429276,0.35706668,0.37345017999999996,0.37345017999999996,107246776,0.0,1.0,ADAEUR
2023-02-06,0.36727126,0.37756946,0.3552879,0.35790926,0.35790926,110247851,0.0,1.0,ADAEUR
2023-02-05,0.37382466,0.37625878,0.35772202000000003,0.36727126,0.36727126,104454046,0.0,1.0,ADAEUR
2023-02-04,0.37794394000000003,0.37962910000000005,0.3721395,0.37391828,0.37391828,69665961,0.0,1.0,ADAEUR
2023-02-03,0.37270122,0.38103339999999997,0.36923728,0.37803756,0.37803756,112231580,0.0,1.0,ADAEUR
2023-02-02,0.37167140000000004,0.38721232000000005,0.36708402,0.37270122,0.37270122,179215658,0.0,1.0,ADAEUR
2023-02-01,0.36530524000000003,0.37616516,0.34733020000000003,0.37167140000000004,0.37167140000000004,162998963,0.0,1.0,ADAEUR
2023-01-31,0.3487345,0.37429276,0.34461522,0.36530524000000003,0.36530524000000003,156301183,0.0,1.0,ADAEUR
2023-01-30,0.37223312000000003,0.37279484,0.34190024,0.3487345,0.3487345,134336665,0.0,1.0,ADAEUR
2023-01-29,0.35744116,0.37363742,0.35276016000000004,0.3721395,0.3721395,102929204,0.0,1.0,ADAEUR
2023-01-28,0.36493076,0.37260760000000004,0.3538836,0.35753478000000005,0.35753478000000005,119208593,0.0,1.0,ADAEUR
2023-01-27,0.35538152,0.36605420000000005,0.34433436,0.36493076,0.36493076,112713613,0.0,1.0,ADAEUR
2023-01-26,0.34948346,0.36436904,0.34742382,0.35538152,0.35538152,152020632,0.0,1.0,ADAEUR
2023-01-25,0.33590856,0.35547514,0.32476778,0.34938984,0.34938984,125501560,0.0,1.0,ADAEUR
2023-01-24,0.351075,0.3585646,0.33253824000000004,0.33581494,0.33581494,111749419,0.0,1.0,ADAEUR
2023-01-23,0.35238568000000003,0.35912632,0.34517694000000004,0.351075,0.351075,168920181,0.0,1.0,ADAEUR
2023-01-22,0.34508331999999997,0.36249664,0.33974698000000003,0.35238568000000003,0.35238568000000003,205382044,0.0,1.0,ADAEUR
2023-01-21,0.34180662,0.35641134,0.33412978,0.34517694000000004,0.34517694000000004,228951787,0.0,1.0,ADAEUR
2023-01-20,0.31643560000000004,0.34236834000000005,0.31231632000000004,0.34190024,0.34190024,130767450,0.0,1.0,ADAEUR
2023-01-19,0.30557568,0.32111660000000003,0.30473310000000003,0.31634197999999997,0.31634197999999997,80228314,0.0,1.0,ADAEUR
2023-01-18,0.3234571,0.3328191,0.30304794,0.30557568,0.30557568,170018857,0.0,1.0,ADAEUR
2023-01-17,0.3281381,0.33478512,0.32111660000000003,0.3234571,0.3234571,101591352,0.0,1.0,ADAEUR
2023-01-16,0.32841896000000004,0.3407768,0.31606112000000003,0.32804448,0.32804448,156864828,0.0,1.0,ADAEUR
2023-01-15,0.33010412000000006,0.33132118,0.3169037,0.32832534,0.32832534,132983094,0.0,1.0,ADAEUR
2023-01-14,0.3234571,0.34611314,0.31081840000000005,0.3300105,0.3300105,288977177,0.0,1.0,ADAEUR
2023-01-13,0.30829066,0.32851258,0.30304794,0.32355072,0.32355072,150546494,0.0,1.0,ADAEUR
2023-01-12,0.3023926,0.31372062,0.29527748000000004,0.30829066,0.30829066,248440812,0.0,1.0,ADAEUR
2023-01-11,0.30164364,0.30286070000000004,0.2878815,0.3023926,0.3023926,144048586,0.0,1.0,ADAEUR
2023-01-10,0.29658816000000005,0.30454586,0.28675806000000004,0.30164364,0.30164364,184082448,0.0,1.0,ADAEUR
2023-01-09,0.2785195,0.32392519999999997,0.2766471,0.29658816000000005,0.29658816000000005,405177005,0.0,1.0,ADAEUR
2023-01-08,0.25914016,0.2799238,0.25670604,0.27842588,0.27842588,196047722,0.0,1.0,ADAEUR
2023-01-07,0.2607317,0.26269772,0.25492726,0.25914016,0.25914016,72623368,0.0,1.0,ADAEUR
2023-01-06,0.25202504,0.26194876,0.25005902,0.26082532,0.26082532,171198727,0.0,1.0,ADAEUR
2023-01-05,0.25071435999999997,0.25399106,0.24650145999999998,0.25202504,0.25202504,81943632,0.0,1.0,ADAEUR
2023-01-04,0.23676498,0.25352296,0.23573516000000003,0.25071435999999997,0.25071435999999997,148810996,0.0,1.0,ADAEUR
2023-01-03,0.23760756000000002,0.23919910000000003,0.23423723999999999,0.23676498,0.23676498,71671057,0.0,1.0,ADAEUR
2023-01-02,0.23395638000000002,0.24013530000000002,0.23086692000000003,0.23760756000000002,0.23760756000000002,75458284,0.0,1.0,ADAEUR
2023-01-01,0.23011796,0.23405,0.22787108,0.23395638000000002,0.23395638000000002,49487029,0.0,1.0,ADAEUR
2022-12-31,0.23002434000000002,0.23601602,0.2284328,0.23011796,0.23011796,66923069,0.0,1.0,ADAEUR
2022-12-30,0.2284328,0.23058606,0.22393904,0.23011796,0.23011796,77783257,0.0,1.0,ADAEUR
2022-12-29,0.23245846,0.23255208000000002,0.22431352000000002,0.2284328,0.2284328,119235796,0.0,1.0,ADAEUR
2022-12-28,0.24369285999999998,0.24444182,0.23105416,0.23236484000000002,0.23236484000000002,115688916,0.0,1.0,ADAEUR
2022-12-27,0.24837386,0.24949730000000003,0.23994806,0.24369285999999998,0.24369285999999998,59557924,0.0,1.0,ADAEUR
2022-12-26,0.24247580000000002,0.24874834,0.24116512,0.24828024,0.24828024,61775474,0.0,1.0,ADAEUR
2022-12-25,0.24256942,0.24331838000000003,0.23835652,0.24256942,0.24256942,46627019,0.0,1.0,ADAEUR
2022-12-24,0.24285028000000003,0.24378648000000003,0.24022892,0.24266304,0.24266304,32054310,0.0,1.0,ADAEUR
2022-12-23,0.24032254,0.2471568,0.23910548000000004,0.24285028000000003,0.24285028000000003,74119327,0.0,1.0,ADAEUR
2022-12-22,0.23723308,0.24050978000000003,0.23077330000000001,0.24022892,0.24022892,78100191,0.0,1.0,ADAEUR
2022-12-21,0.24210132,0.24275665999999999,0.23199036,0.23723308,0.23723308,93178931,0.0,1.0,ADAEUR
2022-12-20,0.23676498,0.24537802,0.23517343999999998,0.24219494,0.24219494,79578969,0.0,1.0,ADAEUR
2022-12-19,0.24902920000000003,0.25221228,0.23292656,0.23676498,0.23676498,109679881,0.0,1.0,ADAEUR
2022-12-18,0.25015264,0.25399106,0.24593974,0.24893558000000005,0.24893558000000005,90386512,0.0,1.0,ADAEUR
2022-12-17,0.24650145999999998,0.25071435999999997,0.24219494,0.25015264,0.25015264,164203460,0.0,1.0,ADAEUR
2022-12-16,0.28114086000000005,0.28207706000000005,0.238731,0.24640784,0.24640784,218355848,0.0,1.0,ADAEUR
2022-12-15,0.2883496,0.28891131999999997,0.27730244000000004,0.28114086000000005,0.28114086000000005,88292967,0.0,1.0,ADAEUR
2022-12-14,0.29415404,0.29555834,0.28582186000000004,0.28825598,0.28825598,91418405,0.0,1.0,ADAEUR
2022-12-13,0.28731978,0.29836693999999997,0.28001741999999996,0.29415404,0.29415404,125438617,0.0,1.0,ADAEUR
2022-12-12,0.28769426000000003,0.28825598,0.28123448,0.28731978,0.28731978,59718587,0.0,1.0,ADAEUR
2022-12-11,0.29265612,0.294903,0.28563462,0.28778788,0.28778788,38521495,0.0,1.0,ADAEUR
2022-12-10,0.29200078,0.294903,0.29078372,0.29265612,0.29265612,23073305,0.0,1.0,ADAEUR
2022-12-09,0.29434128000000004,0.29640092,0.28909856,0.29190716000000005,0.29190716000000005,50246553,0.0,1.0,ADAEUR
2022-12-08,0.29050286000000003,0.29565196000000005,0.28760063999999996,0.2944349,0.2944349,55078149,0.0,1.0,ADAEUR
2022-12-07,0.29799246,0.29949038,0.28713254,0.29040924,0.29040924,80392338,0.0,1.0,ADAEUR
2022-12-06,0.29892865999999996,0.30061382000000003,0.2934987,0.29799246,0.29799246,54889434,0.0,1.0,ADAEUR
2022-12-05,0.30164364,0.3080098,0.29612006,0.29892865999999996,0.29892865999999996,68934870,0.0,1.0,ADAEUR
2022-12-04,0.29920952,0.30342242,0.29780522,0.30155002000000003,0.30155002000000003,58073868,0.0,1.0,ADAEUR
2022-12-03,0.29883504,0.30566930000000003,0.29602644,0.29920952,0.29920952,88483029,0.0,1.0,ADAEUR
2022-12-02,0.29434128000000004,0.299584,0.29078372,0.29874142,0.29874142,62310109,0.0,1.0,ADAEUR
2022-12-01,0.29827332,0.299584,0.2925625,0.2944349,0.2944349,69894876,0.0,1.0,ADAEUR
2022-11-30,0.28956666000000003,0.30042658000000005,0.28872408,0.29836693999999997,0.29836693999999997,103696273,0.0,1.0,ADAEUR
2022-11-29,0.28703892,0.29284336000000005,0.28479204,0.28947303999999996,0.28947303999999996,63045432,0.0,1.0,ADAEUR
2022-11-28,0.29265612,0.29387318,0.28086,0.28703892,0.28703892,118919688,0.0,1.0,ADAEUR
2022-11-27,0.29377956000000005,0.29920952,0.29153268000000004,0.29265612,0.29265612,50910598,0.0,1.0,ADAEUR
2022-11-26,0.29462214,0.30220536,0.29106458,0.29377956000000005,0.29377956000000005,66377188,0.0,1.0,ADAEUR
2022-11-25,0.29602644,0.29705626,0.28769426000000003,0.29452852,0.29452852,81668650,0.0,1.0,ADAEUR
2022-11-24,0.2981797,0.30080106,0.29171992,0.29612006,0.29612006,77452139,0.0,1.0,ADAEUR
2022-11-23,0.29265612,0.29995848,0.28956666000000003,0.2981797,0.2981797,130172804,0.0,1.0,ADAEUR
2022-11-22,0.28516652,0.29668178,0.27917484000000004,0.29265612,0.29265612,119265124,0.0,1.0,ADAEUR
2022-11-21,0.29209440000000003,0.29331146,0.27645986,0.28516652,0.28516652,162743368,0.0,1.0,ADAEUR
2022-11-20,0.3070736,0.31006944000000003,0.29022200000000004,0.29209440000000003,0.29209440000000003,87909126,0.0,1.0,ADAEUR
2022-11-19,0.3052012,0.31100564,0.30080106,0.3070736,0.3070736,49281576,0.0,1.0,ADAEUR
2022-11-18,0.30435862,0.3112865,0.30014572,0.3052012,0.3052012,80892957,0.0,1.0,ADAEUR
2022-11-17,0.31081840000000005,0.3131589,0.29827332,0.304265,0.304265,75533614,0.0,1.0,ADAEUR
2022-11-16,0.31578026,0.32233366,0.30304794,0.31081840000000005,0.31081840000000005,102897046,0.0,1.0,ADAEUR
2022-11-15,0.31100564,0.32289538,0.30819704,0.31578026,0.31578026,103952732,0.0,1.0,ADAEUR
2022-11-14,0.30885238000000004,0.32008678,0.29415404,0.31109926,0.31109926,180688535,0.0,1.0,ADAEUR
2022-11-13,0.31802714,0.32326986,0.30435862,0.30875876,0.30875876,146747692,0.0,1.0,ADAEUR
2022-11-12,0.33300634,0.33412978,0.31475044,0.31802714,0.31802714,118816381,0.0,1.0,ADAEUR
2022-11-11,0.34527056,0.35023242,0.32018040000000003,0.33291272000000005,0.33291272000000005,191115121,0.0,1.0,ADAEUR
2022-11-10,0.29714988000000003,0.35510066,0.29200078,0.34517694000000004,0.34517694000000004,361917813,0.0,1.0,ADAEUR
2022-11-09,0.34836002,0.35257292,0.29022200000000004,0.2972435,0.2972435,397998672,0.0,1.0,ADAEUR
2022-11-08,0.3782248,0.38908472000000005,0.32420606,0.34845364,0.34845364,379698137,0.0,1.0,ADAEUR
2022-11-07,0.37644602000000005,0.38955282,0.3721395,0.37831842000000004,0.37831842000000004,138637231,0.0,1.0,ADAEUR
2022-11-06,0.39910206000000004,0.40350220000000003,0.37579068,0.37644602000000005,0.37644602000000005,112501696,0.0,1.0,ADAEUR
2022-11-05,0.39470192,0.40986836000000004,0.393204,0.39919568,0.39919568,165672546,0.0,1.0,ADAEUR
2022-11-04,0.36455628,0.39910206000000004,0.36333922,0.39470192,0.39470192,233382097,0.0,1.0,ADAEUR
2022-11-03,0.36099872,0.37373104,0.35968804,0.3646499,0.3646499,90983702,0.0,1.0,ADAEUR
2022-11-02,0.37560344,0.38318666,0.355756,0.36099872,0.36099872,168322996,0.0,1.0,ADAEUR
2022-11-01,0.37962910000000005,0.38889748,0.3730757,0.37550982000000005,0.37550982000000005,88819285,0.0,1.0,ADAEUR
2022-10-31,0.37981634000000003,0.38974006,0.3721395,0.37962910000000005,0.37962910000000005,122659161,0.0,1.0,ADAEUR
2022-10-30,0.39329762,0.39470192,0.37270122,0.37972272,0.37972272,117123022,0.0,1.0,ADAEUR
2022-10-29,0.37859928,0.411928,0.37522896,0.393204,0.393204,200912371,0.0,1.0,ADAEUR
2022-10-28,0.36362008,0.3852463,0.35360273999999997,0.37859928,0.37859928,139227634,0.0,1.0,ADAEUR
2022-10-27,0.37728860000000003,0.39264228,0.36146682,0.36362008,0.36362008,170796279,0.0,1.0,ADAEUR
2022-10-26,0.37457362,0.38590164000000005,0.3693309,0.37728860000000003,0.37728860000000003,197702684,0.0,1.0,ADAEUR
2022-10-25,0.33441064000000004,0.39067626,0.33412978,0.37448000000000004,0.37448000000000004,319472649,0.0,1.0,ADAEUR
2022-10-24,0.33899802,0.34190024,0.33075946,0.33450426,0.33450426,92438606,0.0,1.0,ADAEUR
2022-10-23,0.32888706,0.34058956,0.32392519999999997,0.33899802,0.33899802,85104357,0.0,1.0,ADAEUR
2022-10-22,0.32692104,0.33178928,0.32111660000000003,0.32888706,0.32888706,71962552,0.0,1.0,ADAEUR
2022-10-21,0.31849524,0.32757638,0.308946,0.32692104,0.32692104,127159385,0.0,1.0,ADAEUR
2022-10-20,0.32729552,0.33300634,0.31493768,0.31849524,0.31849524,111680559,0.0,1.0,ADAEUR
2022-10-19,0.33927888,0.33927888,0.32486139999999997,0.32738914,0.32738914,92329214,0.0,1.0,ADAEUR
2022-10-18,0.34864088000000004,0.35041966,0.33412978,0.33927888,0.33927888,95363501,0.0,1.0,ADAEUR
2022-10-17,0.34667486000000003,0.35182396000000005,0.3426492,0.34854726,0.34854726,66215062,0.0,1.0,ADAEUR
2022-10-16,0.34087042,0.35098138,0.34058956,0.34667486000000003,0.34667486000000003,61182203,0.0,1.0,ADAEUR
2022-10-15,0.34330454000000005,0.34639400000000004,0.33815544000000003,0.34087042,0.34087042,62954187,0.0,1.0,ADAEUR
2022-10-14,0.35285378,0.3641818,0.33759372,0.34330454000000005,0.34330454000000005,135534544,0.0,1.0,ADAEUR
2022-10-13,0.35706668,0.35800288,0.32673379999999996,0.35276016000000004,0.35276016000000004,269611367,0.0,1.0,ADAEUR
2022-10-12,0.36577334,0.37017348,0.3520112,0.35706668,0.35706668,100681651,0.0,1.0,ADAEUR
2022-10-11,0.37550982000000005,0.37597792,0.35921994,0.36586696,0.36586696,157186233,0.0,1.0,ADAEUR
2022-10-10,0.3960126,0.39957016,0.37279484,0.37560344,0.37560344,108015329,0.0,1.0,ADAEUR
2022-10-09,0.39498278000000003,0.39713604,0.3922678,0.3960126,0.3960126,50765905,0.0,1.0,ADAEUR
2022-10-08,0.39685518000000003,0.39985102,0.39208056,0.39498278000000003,0.39498278000000003,57044040,0.0,1.0,ADAEUR
2022-10-07,0.40144256,0.40294048000000005,0.3946083,0.3969488,0.3969488,85765776,0.0,1.0,ADAEUR
2022-10-06,0.40340858,0.4091194,0.3983531,0.40144256,0.40144256,87385034,0.0,1.0,ADAEUR
2022-10-05,0.40780872,0.40883854,0.39657432,0.40340858,0.40340858,86070134,0.0,1.0,ADAEUR
2022-10-04,0.40031912,0.40977473999999997,0.39816586000000004,0.4077151,0.4077151,89193827,0.0,1.0,ADAEUR
2022-10-03,0.39273589999999997,0.40144256,0.38927196000000003,0.40031912,0.40031912,97901531,0.0,1.0,ADAEUR
2022-10-02,0.40265962,0.40518736000000005,0.39095712000000005,0.39264228,0.39264228,79897439,0.0,1.0,ADAEUR
2022-10-01,0.40687252,0.40855768000000003,0.4002255,0.40256600000000003,0.40256600000000003,61750878,0.0,1.0,ADAEUR
2022-09-30,0.41024284,0.41333230000000004,0.40191066000000003,0.40696614,0.40696614,120942156,0.0,1.0,ADAEUR
2022-09-29,0.40837044,0.41136628000000003,0.40041274000000004,0.41014922,0.41014922,120381859,0.0,1.0,ADAEUR
2022-09-28,0.41323868,0.41483022,0.39797862,0.40827682,0.40827682,126497310,0.0,1.0,ADAEUR
2022-09-27,0.41876226,0.43374146,0.40940026,0.41295782000000003,0.41295782000000003,148327423,0.0,1.0,ADAEUR
2022-09-26,0.41773244,0.42194534,0.4086513,0.41876226,0.41876226,125876450,0.0,1.0,ADAEUR
2022-09-25,0.42222620000000005,0.43327336,0.4105237,0.41791968,0.41791968,112039917,0.0,1.0,ADAEUR
2022-09-24,0.43243078,0.43898418,0.42166448,0.42231982,0.42231982,122469926,0.0,1.0,ADAEUR
2022-09-23,0.42906046,0.4517165,0.4175452,0.43233716,0.43233716,210001077,0.0,1.0,ADAEUR
2022-09-22,0.41080456000000004,0.43683092,0.40659166,0.42915408,0.42915408,155204297,0.0,1.0,ADAEUR
2022-09-21,0.41408126000000006,0.43486490000000005,0.40378306,0.41089818,0.41089818,285433830,0.0,1.0,ADAEUR
2022-09-20,0.42381774,0.4255029,0.40940026,0.41398764,0.41398764,107529839,0.0,1.0,ADAEUR
2022-09-19,0.41913674,0.42784340000000004,0.40556184,0.42381774,0.42381774,182324362,0.0,1.0,ADAEUR
2022-09-18,0.45489958,0.45911248000000004,0.41220886,0.41913674,0.41913674,128727598,0.0,1.0,ADAEUR
2022-09-17,0.44432052000000005,0.45714646000000003,0.44216726,0.45489958,0.45489958,100281140,0.0,1.0,ADAEUR
2022-09-16,0.43645644,0.44441414,0.42503480000000005,0.44432052000000005,0.44432052000000005,102993446,0.0,1.0,ADAEUR
2022-09-15,0.45003134000000006,0.4512484,0.43243078,0.43645644,0.43645644,131971420,0.0,1.0,ADAEUR
2022-09-14,0.43392870000000006,0.45602302,0.43252440000000003,0.45021858000000003,0.45021858000000003,139528796,0.0,1.0,ADAEUR
2022-09-13,0.46931706,0.4765258,0.43177544,0.43392870000000006,0.43392870000000006,232872260,0.0,1.0,ADAEUR
2022-09-12,0.47727476,0.48654314000000004,0.46416796000000005,0.46922344,0.46922344,168685217,0.0,1.0,ADAEUR
2022-09-11,0.47942802,0.48673038,0.4681,0.47727476,0.47727476,129240731,0.0,1.0,ADAEUR
2022-09-10,0.47015964,0.49075604,0.4629509,0.47942802,0.47942802,194060696,0.0,1.0,ADAEUR
2022-09-09,0.44853342,0.472781,0.44778446,0.47015964,0.47015964,179504511,0.0,1.0,ADAEUR
2022-09-08,0.44815894,0.45227822,0.43317974000000004,0.4484398,0.4484398,113848178,0.0,1.0,ADAEUR
2022-09-07,0.43299250000000006,0.45134202,0.42466032000000004,0.44815894,0.44815894,139305299,0.0,1.0,ADAEUR
2022-09-06,0.4666957,0.47952164,0.42990304,0.43299250000000006,0.43299250000000006,233944338,0.0,1.0,ADAEUR
2022-09-05,0.4713767,0.47521512000000005,0.45181012,0.46660208000000003,0.46660208000000003,141753954,0.0,1.0,ADAEUR
2022-09-04,0.44965686000000005,0.477462,0.44525672000000005,0.4713767,0.4713767,199924106,0.0,1.0,ADAEUR
2022-09-03,0.42540928000000006,0.4549932,0.4245667,0.44965686000000005,0.44965686000000005,182225091,0.0,1.0,ADAEUR
2022-09-02,0.4283115,0.43673730000000005,0.42007294,0.42531566,0.42531566,106798749,0.0,1.0,ADAEUR
2022-09-01,0.41763882,0.43289888,0.41258334,0.4283115,0.4283115,126696718,0.0,1.0,ADAEUR
2022-08-31,0.42419222,0.43355422000000005,0.41623452,0.41773244,0.41773244,115611898,0.0,1.0,ADAEUR
2022-08-30,0.42157086,0.43327336,0.4105237,0.42419222,0.42419222,153120426,0.0,1.0,ADAEUR
2022-08-29,0.40191066000000003,0.42409860000000005,0.39657432,0.42166448,0.42166448,144932469,0.0,1.0,ADAEUR
2022-08-28,0.42110276,0.42540928000000006,0.40013188,0.40191066000000003,0.40191066000000003,131217761,0.0,1.0,ADAEUR
2022-08-27,0.4039703,0.42260068000000006,0.39863396,0.42119638000000004,0.42119638000000004,188501508,0.0,1.0,ADAEUR
2022-08-26,0.43486490000000005,0.4512484,0.39854034000000005,0.40406392,0.40406392,375988353,0.0,1.0,ADAEUR
2022-08-25,0.42859236,0.44385242,0.42821788,0.43486490000000005,0.43486490000000005,119929958,0.0,1.0,ADAEUR
2022-08-24,0.43617558,0.43917142000000003,0.42466032000000004,0.42859236,0.42859236,103361101,0.0,1.0,ADAEUR
2022-08-23,0.43196268,0.440014,0.41726434,0.43608196,0.43608196,124261125,0.0,1.0,ADAEUR
2022-08-22,0.43317974000000004,0.43364784,0.40949388000000003,0.43205630000000006,0.43205630000000006,189193918,0.0,1.0,ADAEUR
2022-08-21,0.42203896,0.44244812000000006,0.41829415999999997,0.43308612,0.43308612,169047210,0.0,1.0,ADAEUR
2022-08-20,0.42119638000000004,0.43364784,0.40696614,0.42203896,0.42203896,211122393,0.0,1.0,ADAEUR
2022-08-19,0.47924078000000003,0.47942802,0.41763882,0.42129,0.42129,328230521,0.0,1.0,ADAEUR
2022-08-18,0.50405008,0.50938642,0.4751215,0.47924078000000003,0.47924078000000003,132313932,0.0,1.0,ADAEUR
2022-08-17,0.52136978,0.54617908,0.49656048,0.50405008,0.50405008,234245028,0.0,1.0,ADAEUR
2022-08-16,0.5148163800000001,0.53400848,0.5125695,0.5214634,0.5214634,146450653,0.0,1.0,ADAEUR
2022-08-15,0.5331659,0.5452428800000001,0.50807574,0.5148163800000001,0.5148163800000001,190761668,0.0,1.0,ADAEUR
2022-08-14,0.52352304,0.55685176,0.52118254,0.5331659,0.5331659,236011611,0.0,1.0,ADAEUR
2022-08-13,0.50582886,0.53148074,0.50348836,0.5236166600000001,0.5236166600000001,193063122,0.0,1.0,ADAEUR
2022-08-12,0.49637324000000005,0.5074204000000001,0.4872921,0.50573524,0.50573524,106913181,0.0,1.0,ADAEUR
2022-08-11,0.50311388,0.51266312,0.49487531999999995,0.49646686,0.49646686,155468308,0.0,1.0,ADAEUR
2022-08-10,0.48008336000000007,0.50451818,0.4699724,0.50311388,0.50311388,168972340,0.0,1.0,ADAEUR
2022-08-09,0.5028330200000001,0.50311388,0.47343634000000007,0.48017698000000003,0.48017698000000003,143030490,0.0,1.0,ADAEUR
2022-08-08,0.49393911999999995,0.51453552,0.48963260000000003,0.5028330200000001,0.5028330200000001,161524833,0.0,1.0,ADAEUR
2022-08-07,0.47877268,0.5041437,0.47399806,0.49393911999999995,0.49393911999999995,111026235,0.0,1.0,ADAEUR
2022-08-06,0.48438988,0.49000708,0.477462,0.47858544000000003,0.47858544000000003,78090180,0.0,1.0,ADAEUR
2022-08-05,0.46791276000000004,0.48616866,0.46744466,0.48438988,0.48438988,112189883,0.0,1.0,ADAEUR
2022-08-04,0.46866172000000006,0.47858544000000003,0.46192108000000004,0.46781914,0.46781914,102892954,0.0,1.0,ADAEUR
2022-08-03,0.46463606,0.48373454000000005,0.4578018,0.4685681,0.4685681,124963960,0.0,1.0,ADAEUR
2022-08-02,0.47980249999999997,0.48261109999999996,0.45742731999999997,0.46463606,0.46463606,182796003,0.0,1.0,ADAEUR
2022-08-01,0.48317282,0.49262844,0.46875534,0.47970888,0.47970888,158798003,0.0,1.0,ADAEUR
2022-07-31,0.49272206,0.50957366,0.47980249999999997,0.48317282,0.48317282,174783511,0.0,1.0,ADAEUR
2022-07-30,0.48860278000000007,0.5205272000000001,0.4765258,0.49272206,0.49272206,271896568,0.0,1.0,ADAEUR
2022-07-29,0.48036422,0.51060348,0.47409167999999996,0.48850916000000005,0.48850916000000005,320668702,0.0,1.0,ADAEUR
2022-07-28,0.47858544000000003,0.49075604,0.4573337,0.48027060000000005,0.48027060000000005,306444781,0.0,1.0,ADAEUR
2022-07-27,0.43795436,0.47952164,0.42952856,0.47849182,0.47849182,290166822,0.0,1.0,ADAEUR
2022-07-26,0.44488224000000004,0.44694188,0.42222620000000005,0.43786074,0.43786074,213068947,0.0,1.0,ADAEUR
2022-07-25,0.47933440000000005,0.48251748,0.44385242,0.44488224000000004,0.44488224000000004,200850290,0.0,1.0,ADAEUR
2022-07-24,0.48410902,0.50255216,0.47699389999999997,0.47933440000000005,0.47933440000000005,233306136,0.0,1.0,ADAEUR
2022-07-23,0.45190374000000005,0.48551331999999997,0.4428226,0.48401540000000004,0.48401540000000004,199660186,0.0,1.0,ADAEUR
2022-07-22,0.46753828000000003,0.47877268,0.4465674,0.45199736,0.45199736,200329666,0.0,1.0,ADAEUR
2022-07-21,0.45967420000000003,0.47025326,0.44525672000000005,0.46744466,0.46744466,261898181,0.0,1.0,ADAEUR
2022-07-20,0.48233024,0.51369294,0.45574216,0.45967420000000003,0.45967420000000003,389779718,0.0,1.0,ADAEUR
2022-07-19,0.45911248000000004,0.4924412,0.44310346,0.48233024,0.48233024,386358308,0.0,1.0,ADAEUR
2022-07-18,0.41923035999999997,0.46791276000000004,0.41726434,0.45911248000000004,0.45911248000000004,383712607,0.0,1.0,ADAEUR
2022-07-17,0.42859236,0.4362692,0.41389402000000003,0.41923035999999997,0.41923035999999997,153582187,0.0,1.0,ADAEUR
2022-07-16,0.41389402000000003,0.42980942,0.40406392,0.42859236,0.42859236,147996093,0.0,1.0,ADAEUR
2022-07-15,0.41351954,0.42466032000000004,0.40500012,0.41389402000000003,0.41389402000000003,187707381,0.0,1.0,ADAEUR
2022-07-14,0.41033646,0.41801330000000003,0.3903954,0.41342592,0.41342592,208166850,0.0,1.0,ADAEUR
2022-07-13,0.39048902,0.41398764,0.37663326,0.41033646,0.41033646,265120837,0.0,1.0,ADAEUR
2022-07-12,0.40696614,0.41426850000000004,0.38908472000000005,0.39048902,0.39048902,139595801,0.0,1.0,ADAEUR
2022-07-11,0.43299250000000006,0.43327336,0.40406392,0.40696614,0.40696614,162045832,0.0,1.0,ADAEUR
2022-07-10,0.44759722,0.44918876,0.42615824,0.43289888,0.43289888,115262368,0.0,1.0,ADAEUR
2022-07-09,0.43636282000000004,0.45396338,0.43561386,0.4475036,0.4475036,100774030,0.0,1.0,ADAEUR
2022-07-08,0.4470355,0.46154660000000003,0.43065200000000003,0.43636282000000004,0.43636282000000004,170807637,0.0,1.0,ADAEUR
2022-07-07,0.43280526,0.45190374000000005,0.43149458,0.44712912000000005,0.44712912000000005,142206515,0.0,1.0,ADAEUR
2022-07-06,0.42793702,0.43589472,0.4184814,0.43280526,0.43280526,139221841,0.0,1.0,ADAEUR
2022-07-05,0.4395459,0.44160554,0.41632814,0.42793702,0.42793702,171538047,0.0,1.0,ADAEUR
2022-07-04,0.42690720000000004,0.4460993,0.41614090000000004,0.4395459,0.4395459,196991430,0.0,1.0,ADAEUR
2022-07-03,0.42671996,0.43065200000000003,0.41529832,0.42700082,0.42700082,90832805,0.0,1.0,ADAEUR
2022-07-02,0.42007294,0.43224354000000004,0.41267696000000004,0.42681358,0.42681358,109165380,0.0,1.0,ADAEUR
2022-07-01,0.43055838,0.444695,0.41445574,0.42007294,0.42007294,182788187,0.0,1.0,ADAEUR
2022-06-30,0.43645644,0.43786074,0.40743424,0.43055838,0.43055838,212174584,0.0,1.0,ADAEUR
2022-06-29,0.43935866,0.44675464000000004,0.42952856,0.43645644,0.43645644,166130162,0.0,1.0,ADAEUR
2022-06-28,0.4545251,0.4657595,0.43729902000000004,0.43945228,0.43945228,163559982,0.0,1.0,ADAEUR
2022-06-27,0.45864438,0.47633856,0.44525672000000005,0.45461872,0.45461872,157303921,0.0,1.0,ADAEUR
2022-06-26,0.4666957,0.4924412,0.4573337,0.45864438,0.45864438,211856675,0.0,1.0,ADAEUR
2022-06-25,0.46641484,0.47540236,0.44778446,0.46660208000000003,0.46660208000000003,142417111,0.0,1.0,ADAEUR
2022-06-24,0.449376,0.47718114000000006,0.44581844000000004,0.46632122,0.46632122,241562561,0.0,1.0,ADAEUR
2022-06-23,0.43009028,0.45227822,0.42718806,0.449376,0.449376,160787911,0.0,1.0,ADAEUR
2022-06-22,0.45059306000000005,0.4507803,0.42681358,0.43009028,0.43009028,203592970,0.0,1.0,ADAEUR
2022-06-21,0.4601423,0.47877268,0.44478862,0.45059306000000005,0.45059306000000005,269304587,0.0,1.0,ADAEUR
2022-06-20,0.45396338,0.47633856,0.43186906,0.4601423,0.4601423,309797825,0.0,1.0,ADAEUR
2022-06-19,0.42578376,0.45873800000000003,0.40808958,0.45386976,0.45386976,304390171,0.0,1.0,ADAEUR
2022-06-18,0.45602302,0.46369986,0.39376572,0.42587738,0.42587738,383466178,0.0,1.0,ADAEUR
2022-06-17,0.44581844000000004,0.4718448,0.44160554,0.45611664,0.45611664,221261441,0.0,1.0,ADAEUR
2022-06-16,0.50058614,0.5122886400000001,0.43748626,0.44581844000000004,0.44581844000000004,360176076,0.0,1.0,ADAEUR
2022-06-15,0.45227822,0.50489266,0.41969846,0.50067976,0.50067976,628287744,0.0,1.0,ADAEUR
2022-06-14,0.43458404,0.48682400000000003,0.40902578,0.45227822,0.45227822,609069303,0.0,1.0,ADAEUR
2022-06-13,0.45911248000000004,0.4666957,0.40874492,0.43477128,0.43477128,761583537,0.0,1.0,ADAEUR
2022-06-12,0.5187484200000001,0.5252082,0.45808266000000003,0.45911248000000004,0.45911248000000004,397530507,0.0,1.0,ADAEUR
2022-06-11,0.53775328,0.5781035000000001,0.5083566,0.5186548000000001,0.5186548000000001,300758115,0.0,1.0,ADAEUR
2022-06-10,0.59195926,0.5955168200000001,0.5336339999999999,0.53775328,0.53775328,272263844,0.0,1.0,ADAEUR
2022-06-09,0.59982334,0.6159259800000001,0.58587396,0.59195926,0.59195926,192310885,0.0,1.0,ADAEUR
2022-06-08,0.5748268,0.62687952,0.56986494,0.59991696,0.59991696,394267374,0.0,1.0,ADAEUR
2022-06-07,0.5702394199999999,0.6038490000000001,0.5350383000000001,0.57492042,0.57492042,338812294,0.0,1.0,ADAEUR
2022-06-06,0.5312935,0.60590864,0.52904662,0.5702394199999999,0.5702394199999999,341502376,0.0,1.0,ADAEUR
2022-06-05,0.53045092,0.54374496,0.5184675599999999,0.5311998800000001,0.5311998800000001,95277593,0.0,1.0,ADAEUR
2022-06-04,0.5242720000000001,0.53531916,0.51013538,0.5303573,0.5303573,108779268,0.0,1.0,ADAEUR
2022-06-03,0.5497366400000001,0.5668691,0.5046118,0.5242720000000001,0.5242720000000001,206257910,0.0,1.0,ADAEUR
2022-06-02,0.51650154,0.55994122,0.51369294,0.54964302,0.54964302,306125734,0.0,1.0,ADAEUR
2022-06-01,0.58662292,0.59111668,0.5017095800000001,0.51640792,0.51640792,355477399,0.0,1.0,ADAEUR
2022-05-31,0.53344676,0.64532266,0.53157436,0.5868101600000001,0.5868101600000001,663619489,0.0,1.0,ADAEUR
2022-05-30,0.45115478000000003,0.54084274,0.44675464000000004,0.53344676,0.53344676,259278313,0.0,1.0,ADAEUR
2022-05-29,0.43495852,0.45190374000000005,0.42681358,0.4512484,0.4512484,88626528,0.0,1.0,ADAEUR
2022-05-28,0.42746892000000003,0.43935866,0.41951122,0.43495852,0.43495852,105935970,0.0,1.0,ADAEUR
2022-05-27,0.44825256,0.45302718000000003,0.41698348,0.42746892000000003,0.42746892000000003,268406015,0.0,1.0,ADAEUR
2022-05-26,0.48167489999999996,0.48776020000000003,0.43196268,0.44834618,0.44834618,243664954,0.0,1.0,ADAEUR
2022-05-25,0.48850916000000005,0.4988073600000001,0.47474702,0.48176852,0.48176852,133554250,0.0,1.0,ADAEUR
2022-05-24,0.48055146,0.4919731,0.46126574000000004,0.48860278000000007,0.48860278000000007,170905795,0.0,1.0,ADAEUR
2022-05-23,0.50704592,0.5238039,0.47175118000000005,0.48064508,0.48064508,189427959,0.0,1.0,ADAEUR
2022-05-22,0.49487531999999995,0.51378656,0.48860278000000007,0.50704592,0.50704592,104514258,0.0,1.0,ADAEUR
2022-05-21,0.48326644,0.50442456,0.47615132000000004,0.49487531999999995,0.49487531999999995,85487336,0.0,1.0,ADAEUR
2022-05-20,0.49936908,0.510229,0.46922344,0.48326644,0.48326644,174293262,0.0,1.0,ADAEUR
2022-05-19,0.47362358000000004,0.51182054,0.46032954000000004,0.49936908,0.49936908,205816006,0.0,1.0,ADAEUR
2022-05-18,0.54074912,0.5488940600000001,0.47053412000000006,0.47362358000000004,0.47362358000000004,203077123,0.0,1.0,ADAEUR
2022-05-17,0.52136978,0.56162638,0.51593982,0.54093636,0.54093636,178084619,0.0,1.0,ADAEUR
2022-05-16,0.5600348399999999,0.5753885200000001,0.5096672800000001,0.52136978,0.52136978,280903516,0.0,1.0,ADAEUR
2022-05-15,0.50311388,0.56162638,0.48195576000000007,0.55994122,0.55994122,195264575,0.0,1.0,ADAEUR
2022-05-14,0.49515618000000006,0.52165064,0.45761456,0.50292664,0.50292664,253441055,0.0,1.0,ADAEUR
2022-05-13,0.44310346,0.5705202800000001,0.43898418,0.4952498,0.4952498,458070252,0.0,1.0,ADAEUR
2022-05-12,0.48551331999999997,0.51565896,0.37625878,0.44310346,0.44310346,815465798,0.0,1.0,ADAEUR
2022-05-11,0.58849532,0.6207942200000001,0.44254174,0.48560694000000004,0.48560694000000004,623456066,0.0,1.0,ADAEUR
2022-05-10,0.5640605000000001,0.6562762,0.54608546,0.58849532,0.58849532,436850308,0.0,1.0,ADAEUR
2022-05-09,0.69316248,0.70608204,0.55947312,0.56349878,0.56349878,472342566,0.0,1.0,ADAEUR
2022-05-08,0.7119801,0.71741006,0.6791194800000001,0.69306886,0.69306886,175139530,0.0,1.0,ADAEUR
2022-05-07,0.7332318400000001,0.7356659600000001,0.6990605400000001,0.71188648,0.71188648,126808896,0.0,1.0,ADAEUR
2022-05-06,0.73810008,0.74867914,0.7138525,0.7332318400000001,0.7332318400000001,244058670,0.0,1.0,ADAEUR
2022-05-05,0.84126932,0.8480099600000001,0.72237192,0.73810008,0.73810008,364970629,0.0,1.0,ADAEUR
2022-05-04,0.72199744,0.84183104,0.7187207400000001,0.8411757,0.8411757,256649760,0.0,1.0,ADAEUR
2022-05-03,0.73098496,0.74839828,0.7119801,0.7219038200000001,0.7219038200000001,96429722,0.0,1.0,ADAEUR
2022-05-02,0.73903628,0.74596416,0.71488232,0.73107858,0.73107858,128907016,0.0,1.0,ADAEUR
2022-05-01,0.7072991,0.74914724,0.69756262,0.7391299,0.7391299,137793227,0.0,1.0,ADAEUR
2022-04-30,0.7536410000000001,0.76571798,0.68820062,0.7073927200000001,0.7073927200000001,147364161,0.0,1.0,ADAEUR
2022-04-29,0.78940384,0.7953019,0.73875542,0.75345376,0.75345376,139320128,0.0,1.0,ADAEUR
2022-04-28,0.78650162,0.7982041200000001,0.77311396,0.78940384,0.78940384,134885232,0.0,1.0,ADAEUR
2022-04-27,0.77311396,0.80157444,0.76646694,0.78650162,0.78650162,148780516,0.0,1.0,ADAEUR
2022-04-26,0.8402395,0.8453886,0.763003,0.77320758,0.77320758,176710067,0.0,1.0,ADAEUR
2022-04-25,0.8285370000000001,0.8462311800000001,0.7733948199999999,0.84014588,0.84014588,171944524,0.0,1.0,ADAEUR
2022-04-24,0.8294732,0.8416438,0.8210474,0.8294732,0.8294732,49191017,0.0,1.0,ADAEUR
2022-04-23,0.8481972000000001,0.8547506,0.8247922000000001,0.8294732,0.8294732,34559067,0.0,1.0,ADAEUR
2022-04-22,0.8519420000000001,0.8650488000000001,0.8341542000000001,0.8481972000000001,0.8481972000000001,82391016,0.0,1.0,ADAEUR
2022-04-21,0.8772194000000001,0.9090502,0.8341542000000001,0.8519420000000001,0.8519420000000001,105007978,0.0,1.0,ADAEUR
2022-04-20,0.8912624,0.9137312,0.870666,0.8772194000000001,0.8772194000000001,93644303,0.0,1.0,ADAEUR
2022-04-19,0.8762832,0.8959434,0.8678574000000001,0.8912624,0.8912624,75432689,0.0,1.0,ADAEUR
2022-04-18,0.8556868000000001,0.8790918,0.8182388,0.8772194000000001,0.8772194000000001,118870539,0.0,1.0,ADAEUR
2022-04-17,0.88939,0.9015606,0.8538144000000001,0.8556868000000001,0.8556868000000001,42819442,0.0,1.0,ADAEUR
2022-04-16,0.894071,0.9006244,0.8772194000000001,0.8903262,0.8903262,36809858,0.0,1.0,ADAEUR
2022-04-15,0.8734746000000001,0.8978157999999999,0.8697298000000001,0.8950072,0.8950072,42541809,0.0,1.0,ADAEUR
2022-04-14,0.9118588,0.922157,0.8641126000000001,0.8734746000000001,0.8734746000000001,84093379,0.0,1.0,ADAEUR
2022-04-13,0.8931348,0.9184122,0.8744108,0.9118588,0.9118588,83269578,0.0,1.0,ADAEUR
2022-04-12,0.8603678,0.9193484000000001,0.856623,0.894071,0.894071,115179052,0.0,1.0,ADAEUR
2022-04-11,0.9605412000000001,0.9670945999999999,0.8584954,0.8613040000000001,0.8613040000000001,159034131,0.0,1.0,ADAEUR
2022-04-10,0.9773928000000001,1.0017340000000001,0.9577325999999999,0.9614773999999999,0.9614773999999999,51995282,0.0,1.0,ADAEUR
2022-04-09,0.9596049999999999,0.9802014,0.9558601999999999,0.978329,0.978329,49693999,0.0,1.0,ADAEUR
2022-04-08,1.0195218,1.0298200000000002,0.9539877999999999,0.9586688000000001,0.9586688000000001,88048109,0.0,1.0,ADAEUR
2022-04-07,0.9848824,1.0307562000000001,0.9717756000000001,1.0195218,1.0195218,99287570,0.0,1.0,ADAEUR
2022-04-06,1.095354,1.0981626,0.9802014,0.9848824,0.9848824,206766772,0.0,1.0,ADAEUR
2022-04-05,1.1346744,1.1412278,1.0888006000000001,1.0962902,1.0962902,108831679,0.0,1.0,ADAEUR
2022-04-04,1.1103332,1.165569,1.085992,1.1346744,1.1346744,253235570,0.0,1.0,ADAEUR
2022-04-03,1.0822471999999999,1.12344,1.0691404,1.1103332,1.1103332,78660058,0.0,1.0,ADAEUR
2022-04-02,1.090673,1.118759,1.071949,1.0813110000000001,1.0813110000000001,107106263,0.0,1.0,ADAEUR
2022-04-01,1.0682042,1.100035,1.0335648000000002,1.090673,1.090673,191221298,0.0,1.0,ADAEUR
2022-03-31,1.1131418000000002,1.1496536,1.0607146,1.0682042,1.0682042,177164788,0.0,1.0,ADAEUR
2022-03-30,1.1150142,1.1402916,1.0869282,1.1131418000000002,1.1131418000000002,146032640,0.0,1.0,ADAEUR
2022-03-29,1.095354,1.1636966000000002,1.0916092,1.1150142,1.1150142,180298618,0.0,1.0,ADAEUR
2022-03-28,1.1084608,1.1665052,1.0831834,1.095354,1.095354,261105698,0.0,1.0,ADAEUR
2022-03-27,1.0785023999999999,1.1103332,1.0335648000000002,1.1084608,1.1084608,135043361,0.0,1.0,ADAEUR
2022-03-26,1.0260752000000002,1.085992,1.0101598,1.0785023999999999,1.0785023999999999,143117986,0.0,1.0,ADAEUR
2022-03-25,1.057906,1.0925454,1.0036064,1.0260752000000002,1.0260752000000002,290456883,0.0,1.0,ADAEUR
2022-03-24,1.0373096000000002,1.114078,1.0073512,1.0588422,1.0588422,390982460,0.0,1.0,ADAEUR
2022-03-23,0.912795,1.039182,0.8959434,1.0373096000000002,1.0373096000000002,362447245,0.0,1.0,ADAEUR
2022-03-22,0.8584954,0.9249656,0.8491334,0.912795,0.912795,172058469,0.0,1.0,ADAEUR
2022-03-21,0.8229198,0.870666,0.8079406,0.8584954,0.8584954,115815047,0.0,1.0,ADAEUR
2022-03-20,0.8444524000000001,0.8575592000000001,0.8088768000000001,0.8229198,0.8229198,93008770,0.0,1.0,ADAEUR
2022-03-19,0.7967062,0.8575592000000001,0.79577,0.8453886,0.8453886,114266368,0.0,1.0,ADAEUR
2022-03-18,0.781727,0.8051320000000001,0.767684,0.7967062,0.7967062,82865732,0.0,1.0,ADAEUR
2022-03-17,0.7854717999999999,0.8032596,0.7742374,0.781727,0.781727,106462948,0.0,1.0,ADAEUR
2022-03-16,0.7489600000000001,0.786408,0.7414704000000001,0.7845356,0.7845356,160796978,0.0,1.0,ADAEUR
2022-03-15,0.7517686000000001,0.7648754,0.7311722,0.7489600000000001,0.7489600000000001,95462205,0.0,1.0,ADAEUR
2022-03-14,0.7367894,0.7639391999999999,0.7264912,0.7508324000000001,0.7508324000000001,104141955,0.0,1.0,ADAEUR
2022-03-13,0.7386618,0.7686202,0.730236,0.7358532000000001,0.7358532000000001,88733691,0.0,1.0,ADAEUR
2022-03-12,0.7377256000000001,0.7508324000000001,0.7358532000000001,0.7386618,0.7386618,50466434,0.0,1.0,ADAEUR
2022-03-11,0.7545772000000001,0.7667478,0.7321084000000001,0.7377256000000001,0.7377256000000001,101514757,0.0,1.0,ADAEUR
2022-03-10,0.7948338,0.7995148,0.734917,0.7555134000000001,0.7555134000000001,115081098,0.0,1.0,ADAEUR
2022-03-09,0.7508324000000001,0.8079406,0.7480238,0.7948338,0.7948338,114971836,0.0,1.0,ADAEUR
2022-03-08,0.7424066,0.7686202,0.7367894,0.7508324000000001,0.7508324000000001,124187499,0.0,1.0,ADAEUR
2022-03-07,0.7695564,0.7929614,0.7274274000000001,0.7424066,0.7424066,132873670,0.0,1.0,ADAEUR
2022-03-06,0.809813,0.8163664,0.7667478,0.7704926,0.7704926,76546559,0.0,1.0,ADAEUR
2022-03-05,0.7901528,0.8266646000000001,0.7658115999999999,0.8088768000000001,0.8088768000000001,78739554,0.0,1.0,ADAEUR
2022-03-04,0.8444524000000001,0.8453886,0.7733012,0.7901528,0.7901528,147015719,0.0,1.0,ADAEUR
2022-03-03,0.8781555999999999,0.8856452,0.8266646000000001,0.8453886,0.8453886,114772747,0.0,1.0,ADAEUR
2022-03-02,0.9024968,0.9146674,0.8678574000000001,0.8790918,0.8790918,149491898,0.0,1.0,ADAEUR
2022-03-01,0.9006244,0.9464982,0.8790918,0.9015606,0.9015606,234764266,0.0,1.0,ADAEUR
2022-02-28,0.8023234,0.908114,0.7882804,0.9006244,0.9006244,227929558,0.0,1.0,ADAEUR
2022-02-27,0.8294732,0.856623,0.7789184,0.8013872,0.8013872,162004634,0.0,1.0,ADAEUR
2022-02-26,0.8407076,0.870666,0.8247922000000001,0.8304094000000001,0.8304094000000001,142052119,0.0,1.0,ADAEUR
2022-02-25,0.7976424,0.8519420000000001,0.7704926,0.8407076,0.8407076,210840757,0.0,1.0,ADAEUR
2022-02-24,0.8107492000000001,0.8416438,0.6984052000000001,0.7985786,0.7985786,560130978,0.0,1.0,ADAEUR
2022-02-23,0.8313456,0.898752,0.8079406,0.8107492000000001,0.8107492000000001,237719675,0.0,1.0,ADAEUR
2022-02-22,0.8013872,0.8397714000000001,0.7611306,0.8313456,0.8313456,264842040,0.0,1.0,ADAEUR
2022-02-21,0.8716022000000001,0.9296466,0.7967062,0.8013872,0.8013872,283488504,0.0,1.0,ADAEUR
2022-02-20,0.9333914,0.9343276,0.8603678,0.8716022000000001,0.8716022000000001,156774619,0.0,1.0,ADAEUR
2022-02-19,0.9324552,0.9539877999999999,0.9109226,0.9324552,0.9324552,92102940,0.0,1.0,ADAEUR
2022-02-18,0.9539877999999999,0.9764566,0.9202846,0.931519,0.931519,133614248,0.0,1.0,ADAEUR
2022-02-17,1.0139046,1.0242028,0.9436896,0.954924,0.954924,114535761,0.0,1.0,ADAEUR
2022-02-16,1.0373096000000002,1.0410544000000002,0.9979892000000001,1.0129684,1.0129684,100925929,0.0,1.0,ADAEUR
2022-02-15,0.98301,1.043863,0.9820738,1.0363734,1.0363734,153934616,0.0,1.0,ADAEUR
2022-02-14,0.9764566,0.987691,0.9530516,0.9820738,0.9820738,138982742,0.0,1.0,ADAEUR
2022-02-13,0.9904996,1.0073512,0.9661584000000001,0.9755204000000001,0.9755204000000001,99247994,0.0,1.0,ADAEUR
2022-02-12,1.0101598,1.0223304000000002,0.9633497999999999,0.9914358,0.9914358,149173437,0.0,1.0,ADAEUR
2022-02-11,1.07663,1.0897368,0.9998616000000001,1.0101598,1.0101598,131818725,0.0,1.0,ADAEUR
2022-02-10,1.1178228,1.1468450000000001,1.0700766000000002,1.07663,1.07663,183604520,0.0,1.0,ADAEUR
2022-02-09,1.1009712,1.137483,1.0785023999999999,1.118759,1.118759,137109784,0.0,1.0,ADAEUR
2022-02-08,1.1215675999999999,1.1824206,1.0607146,1.1009712,1.1009712,271657090,0.0,1.0,ADAEUR
2022-02-07,1.0691404,1.1318658000000001,1.053225,1.1225038,1.1225038,267801841,0.0,1.0,ADAEUR
2022-02-06,1.053225,1.07663,1.0270114,1.0700766000000002,1.0700766000000002,107099317,0.0,1.0,ADAEUR
2022-02-05,1.0653956,1.1028436,1.0270114,1.053225,1.053225,152710784,0.0,1.0,ADAEUR
2022-02-04,0.9933082,1.0663318,0.978329,1.0653956,1.0653956,135205051,0.0,1.0,ADAEUR
2022-02-03,0.9614773999999999,0.9942444000000001,0.9511792,0.9933082,0.9933082,98542208,0.0,1.0,ADAEUR
2022-02-02,1.0260752000000002,1.0326286,0.9567964000000001,0.9614773999999999,0.9614773999999999,126857788,0.0,1.0,ADAEUR
2022-02-01,0.9848824,1.0260752000000002,0.9680308000000001,1.0260752000000002,1.0260752000000002,124526330,0.0,1.0,ADAEUR
2022-01-31,0.9689669999999999,0.992372,0.9418172,0.9839462,0.9839462,101218950,0.0,1.0,ADAEUR
2022-01-30,0.9914358,1.0082874,0.9586688000000001,0.9689669999999999,0.9689669999999999,72352160,0.0,1.0,ADAEUR
2022-01-29,0.9820738,1.0148408000000002,0.9708393999999999,0.9914358,0.9914358,89531278,0.0,1.0,ADAEUR
2022-01-28,0.9755204000000001,0.9914358,0.9436896,0.9811376,0.9811376,137690073,0.0,1.0,ADAEUR
2022-01-27,1.0092236,1.011096,0.9399448,0.9755204000000001,0.9755204000000001,184762461,0.0,1.0,ADAEUR
2022-01-26,0.9764566,1.0831834,0.9567964000000001,1.0082874,1.0082874,336503954,0.0,1.0,ADAEUR
2022-01-25,0.9979892000000001,1.0054788000000001,0.9277742,0.9764566,0.9764566,218828333,0.0,1.0,ADAEUR
2022-01-24,1.0522888000000001,1.053225,0.8903262,0.997053,0.997053,437410320,0.0,1.0,ADAEUR
2022-01-23,1.0026702,1.095354,0.9839462,1.0522888000000001,1.0522888000000001,257147931,0.0,1.0,ADAEUR
2022-01-22,1.0485440000000001,1.0813110000000001,0.8584954,1.0026702,1.0026702,554287709,0.0,1.0,ADAEUR
2022-01-21,1.1786758,1.2002084000000002,1.0307562000000001,1.0485440000000001,1.0485440000000001,408519522,0.0,1.0,ADAEUR
2022-01-20,1.2507632000000002,1.3359574,1.1711862,1.1786758,1.1786758,261063307,0.0,1.0,ADAEUR
2022-01-19,1.3649796,1.4361308000000002,1.2414012,1.2516994,1.2516994,329948716,0.0,1.0,ADAEUR
2022-01-18,1.4997924,1.5334956,1.3209782,1.3649796,1.3649796,455949108,0.0,1.0,ADAEUR
2022-01-17,1.3209782,1.5044734,1.2975732,1.5007286,1.5007286,545675409,0.0,1.0,ADAEUR
2022-01-16,1.2095704,1.3312764,1.2039532000000002,1.320042,1.320042,247977037,0.0,1.0,ADAEUR
2022-01-15,1.2105066,1.2348478,1.1711862,1.2086341999999999,1.2086341999999999,80421836,0.0,1.0,ADAEUR
2022-01-14,1.1533984,1.2254858,1.142164,1.2095704,1.2095704,143281596,0.0,1.0,ADAEUR
2022-01-13,1.2282944,1.2676148,1.1487174000000002,1.1543346,1.1543346,179029543,0.0,1.0,ADAEUR
2022-01-12,1.1122056,1.2301668000000001,1.1103332,1.2282944,1.2282944,145608592,0.0,1.0,ADAEUR
2022-01-11,1.0513526,1.1196952,1.0504164,1.1112694,1.1112694,115267098,0.0,1.0,ADAEUR
2022-01-10,1.095354,1.1056522,1.0007978,1.0513526,1.0513526,189250644,0.0,1.0,ADAEUR
2022-01-09,1.1065884,1.1290572,1.0738214000000001,1.095354,1.095354,114093699,0.0,1.0,ADAEUR
2022-01-08,1.1318658000000001,1.1739948,1.0522888000000001,1.1056522,1.1056522,169730473,0.0,1.0,ADAEUR
2022-01-07,1.1973998,1.203017,1.1131418000000002,1.132802,1.132802,209806013,0.0,1.0,ADAEUR
2022-01-06,1.151526,1.2142514,1.1103332,1.198336,1.198336,175754407,0.0,1.0,ADAEUR
2022-01-05,1.2264220000000001,1.2666786,1.1168866000000002,1.151526,1.151526,158740088,0.0,1.0,ADAEUR
2022-01-04,1.2348478,1.2657424000000002,1.2123789999999999,1.2254858,1.2254858,94479305,0.0,1.0,ADAEUR
2022-01-03,1.2900836,1.2900836,1.2264220000000001,1.2348478,1.2348478,87155825,0.0,1.0,ADAEUR
2022-01-02,1.2910198,1.3022542000000001,1.2563804,1.2891474,1.2891474,81011860,0.0,1.0,ADAEUR
2022-01-01,1.2245496,1.2919559999999999,1.2226772000000001,1.2919559999999999,1.2919559999999999,69007607,0.0,1.0,ADAEUR
2021-12-31,1.2722958,1.2947646000000002,1.1992722,1.2245496,1.2245496,120612337,0.0,1.0,ADAEUR
2021-12-30,1.2479546,1.2900836,1.2142514,1.2722958,1.2722958,134171567,0.0,1.0,ADAEUR
2021-12-29,1.31068,1.3462555999999999,1.2385926,1.2470184000000002,1.2470184000000002,151404808,0.0,1.0,ADAEUR
2021-12-28,1.4192792,1.441748,1.2882112,1.31068,1.31068,233458767,0.0,1.0,ADAEUR
2021-12-27,1.362171,1.4923028,1.35749,1.4192792,1.4192792,181374841,0.0,1.0,ADAEUR
2021-12-26,1.3602986000000001,1.3734054000000002,1.3172334,1.362171,1.362171,103769249,0.0,1.0,ADAEUR
2021-12-25,1.3041266,1.366852,1.2928922,1.3593624,1.3593624,87587873,0.0,1.0,ADAEUR
2021-12-24,1.3808950000000002,1.3958742000000002,1.2928922,1.3031903999999999,1.3031903999999999,126360588,0.0,1.0,ADAEUR
2021-12-23,1.2423374,1.394938,1.2236134,1.3808950000000002,1.3808950000000002,216795659,0.0,1.0,ADAEUR
2021-12-22,1.1973998,1.2816578,1.1945912,1.2423374,1.2423374,161174698,0.0,1.0,ADAEUR
2021-12-21,1.1590156,1.2067618,1.1487174000000002,1.198336,1.198336,122949048,0.0,1.0,ADAEUR
2021-12-20,1.1646328000000001,1.1805482,1.1243762000000002,1.1580794,1.1580794,123106967,0.0,1.0,ADAEUR
2021-12-19,1.1627604,1.2282944,1.1608880000000001,1.1636966000000002,1.1636966000000002,124074683,0.0,1.0,ADAEUR
2021-12-18,1.1402916,1.1861654,1.12344,1.1627604,1.1627604,81211094,0.0,1.0,ADAEUR
2021-12-17,1.1608880000000001,1.1786758,1.1065884,1.1402916,1.1402916,138092226,0.0,1.0,ADAEUR
2021-12-16,1.2273582,1.2460822,1.1571432,1.1608880000000001,1.1608880000000001,117662885,0.0,1.0,ADAEUR
2021-12-15,1.1861654,1.2460822,1.1271848,1.2273582,1.2273582,170247496,0.0,1.0,ADAEUR
2021-12-14,1.1449726000000002,1.2020808,1.1215675999999999,1.1852292,1.1852292,175476318,0.0,1.0,ADAEUR
2021-12-13,1.2591890000000001,1.2704234,1.12344,1.1449726000000002,1.1449726000000002,184388318,0.0,1.0,ADAEUR
2021-12-12,1.2676148,1.324723,1.2348478,1.2601252,1.2601252,149463677,0.0,1.0,ADAEUR
2021-12-11,1.1337382,1.2751044,1.1159504,1.2676148,1.2676148,179118114,0.0,1.0,ADAEUR
2021-12-10,1.2058256,1.2488908,1.1299934,1.1337382,1.1337382,192968833,0.0,1.0,ADAEUR
2021-12-09,1.3069351999999999,1.3191058,1.2048893999999999,1.2067618,1.2067618,174568058,0.0,1.0,ADAEUR
2021-12-08,1.2900836,1.3322126,1.2516994,1.3069351999999999,1.3069351999999999,187594478,0.0,1.0,ADAEUR
2021-12-07,1.329404,1.3846398000000002,1.277913,1.2900836,1.2900836,229514365,0.0,1.0,ADAEUR
2021-12-06,1.2900836,1.3500004,1.174931,1.329404,1.329404,338310628,0.0,1.0,ADAEUR
2021-12-05,1.3284678,1.343447,1.2020808,1.2900836,1.2900836,270618794,0.0,1.0,ADAEUR
2021-12-04,1.4576634,1.4585996,1.1122056,1.329404,1.329404,612957918,0.0,1.0,ADAEUR
2021-12-03,1.6102640000000001,1.6186898,1.4127258,1.4567272,1.4567272,276255974,0.0,1.0,ADAEUR
2021-12-02,1.4483014,1.647712,1.4202154,1.6093278000000002,1.6093278000000002,441382037,0.0,1.0,ADAEUR
2021-12-01,1.4539186,1.5185164000000002,1.4333221999999999,1.4492376,1.4492376,157458493,0.0,1.0,ADAEUR
2021-11-30,1.4997924,1.5250698,1.4454928,1.4548548000000001,1.4548548000000001,185671961,0.0,1.0,ADAEUR
2021-11-29,1.493239,1.5316231999999999,1.4576634,1.4988562,1.4988562,153848484,0.0,1.0,ADAEUR
2021-11-28,1.4445566,1.4979200000000001,1.3256592,1.4923028,1.4923028,228010819,0.0,1.0,ADAEUR
2021-11-27,1.4342584,1.4838770000000001,1.4333221999999999,1.4445566,1.4445566,107756518,0.0,1.0,ADAEUR
2021-11-26,1.5690712,1.5774970000000001,1.3996190000000002,1.4351946,1.4351946,337429397,0.0,1.0,ADAEUR
2021-11-25,1.5587730000000002,1.6374138000000003,1.5157078,1.568135,1.568135,216037163,0.0,1.0,ADAEUR
2021-11-24,1.6392862,1.6420948,1.4848132,1.5597092,1.5597092,290146559,0.0,1.0,ADAEUR
2021-11-23,1.6626912,1.7001392000000002,1.6271156,1.6392862,1.6392862,144774307,0.0,1.0,ADAEUR
2021-11-22,1.717927,1.7216718,1.6449034,1.6626912,1.6626912,144285714,0.0,1.0,ADAEUR
2021-11-21,1.7984402000000002,1.8012488,1.7151184000000002,1.717927,1.717927,87455485,0.0,1.0,ADAEUR
2021-11-20,1.7432044000000002,1.8312072,1.741332,1.7993764,1.7993764,128183408,0.0,1.0,ADAEUR
2021-11-19,1.6720532000000001,1.7731628,1.6420948,1.7441406000000002,1.7441406000000002,144849476,0.0,1.0,ADAEUR
2021-11-18,1.7572474,1.7853334,1.5924762000000001,1.6720532000000001,1.6720532000000001,221759905,0.0,1.0,ADAEUR
2021-11-17,1.7544388000000002,1.7722266,1.680479,1.7563111999999999,1.7563111999999999,207985172,0.0,1.0,ADAEUR
2021-11-16,1.8892516,1.8892516,1.6467758,1.7544388000000002,1.7544388000000002,268941429,0.0,1.0,ADAEUR
2021-11-15,1.909848,1.9613390000000002,1.8826982,1.8883154,1.8883154,93079577,0.0,1.0,ADAEUR
2021-11-14,1.9192099999999999,1.9379339999999998,1.8808258,1.909848,1.909848,59859608,0.0,1.0,ADAEUR
2021-11-13,1.9154651999999999,1.9472960000000001,1.8920602,1.9192099999999999,1.9192099999999999,82511465,0.0,1.0,ADAEUR
2021-11-12,1.9463598000000002,1.9650838000000002,1.8639742000000001,1.914529,1.914529,160252178,0.0,1.0,ADAEUR
2021-11-11,1.9632114,2.0156386,1.9266995999999998,1.9463598000000002,1.9463598000000002,151168963,0.0,1.0,ADAEUR
2021-11-10,2.1242378000000004,2.1822822,1.8087384,1.9632114,1.9632114,479840587,0.0,1.0,ADAEUR
2021-11-09,1.9903612,2.2262836000000004,1.970701,2.125174,2.125174,581074544,0.0,1.0,ADAEUR
2021-11-08,1.891124,2.0034680000000002,1.8798896,1.989425,1.989425,189974471,0.0,1.0,ADAEUR
2021-11-07,1.8761448,1.9051670000000003,1.8480588,1.8920602,1.8920602,82637102,0.0,1.0,ADAEUR
2021-11-06,1.8555484,1.909848,1.8181004,1.877081,1.877081,105480654,0.0,1.0,ADAEUR
2021-11-05,1.8564846000000002,1.8883154,1.8340158000000002,1.8555484,1.8555484,108180863,0.0,1.0,ADAEUR
2021-11-04,1.9313806000000002,1.9688286000000002,1.8096746000000001,1.8564846000000002,1.8564846000000002,174549100,0.0,1.0,ADAEUR
2021-11-03,1.8452502000000002,2.0072128,1.82559,1.9313806000000002,1.9313806000000002,335561983,0.0,1.0,ADAEUR
2021-11-02,1.8246538,1.8686552,1.8096746000000001,1.8452502000000002,1.8452502000000002,124263204,0.0,1.0,ADAEUR
2021-11-01,1.839633,1.8901878,1.7890782,1.8246538,1.8246538,144061135,0.0,1.0,ADAEUR
2021-10-31,1.8321434,1.8995498,1.7956315999999999,1.8386968000000001,1.8386968000000001,146413161,0.0,1.0,ADAEUR
2021-10-30,1.8873792,1.8901878,1.8012488,1.8302710000000002,1.8302710000000002,122995185,0.0,1.0,ADAEUR
2021-10-29,1.8602294000000001,1.9173376000000002,1.8527398000000002,1.886443,1.886443,154761692,0.0,1.0,ADAEUR
2021-10-28,1.7900144,1.9266995999999998,1.7834610000000002,1.8602294000000001,1.8602294000000001,253879713,0.0,1.0,ADAEUR
2021-10-27,2.0015956,2.0184472,1.6889048000000002,1.7900144,1.7900144,397889032,0.0,1.0,ADAEUR
2021-10-26,2.008149,2.0615124000000002,1.9866164,2.0006594,2.0006594,142897864,0.0,1.0,ADAEUR
2021-10-25,1.9838078000000003,2.0390436,1.9791268,2.0072128,2.0072128,105874037,0.0,1.0,ADAEUR
2021-10-24,2.0287454,2.0306178,1.9594666,1.984744,1.984744,97230595,0.0,1.0,ADAEUR
2021-10-23,2.0193834,2.036235,1.9950421999999999,2.0278092,2.0278092,74106470,0.0,1.0,ADAEUR
2021-10-22,1.9997232000000003,2.0690020000000002,1.989425,2.0184472,2.0184472,130738721,0.0,1.0,ADAEUR
2021-10-21,2.050278,2.1513876,1.9950421999999999,2.0006594,2.0006594,265787667,0.0,1.0,ADAEUR
2021-10-20,1.975382,2.0671296000000003,1.9585304000000001,2.050278,2.050278,135969738,0.0,1.0,ADAEUR
2021-10-19,1.9912973999999999,2.0193834,1.9594666,1.975382,1.975382,94391775,0.0,1.0,ADAEUR
2021-10-18,2.0203196,2.0371712000000004,1.970701,1.9922336000000003,1.9922336000000003,96988762,0.0,1.0,ADAEUR
2021-10-17,2.0390436,2.0493418,1.9557218,2.0203196,2.0203196,109914412,0.0,1.0,ADAEUR
2021-10-16,2.0755554000000003,2.10645,2.0306178,2.0399798,2.0399798,103000332,0.0,1.0,ADAEUR
2021-10-15,2.0334264,2.0998966,1.9997232000000003,2.0764916,2.0764916,205811006,0.0,1.0,ADAEUR
2021-10-14,2.0493418,2.0830450000000003,2.017511,2.0334264,2.0334264,109132237,0.0,1.0,ADAEUR
2021-10-13,1.9819354,2.0596400000000004,1.9454236,2.050278,2.050278,133035035,0.0,1.0,ADAEUR
2021-10-12,2.0324902,2.0343626,1.9388702000000002,1.9828716,1.9828716,150529530,0.0,1.0,ADAEUR
2021-10-11,2.0493418,2.10645,1.9725734000000004,2.0324902,2.0324902,124908952,0.0,1.0,ADAEUR
2021-10-10,2.1242378000000004,2.1317274000000004,2.022192,2.0493418,2.0493418,110373473,0.0,1.0,ADAEUR
2021-10-09,2.0952156,2.15326,2.078364,2.1233016,2.1233016,108667313,0.0,1.0,ADAEUR
2021-10-08,2.1326636,2.1654306,2.0718106,2.0942794,2.0942794,138317391,0.0,1.0,ADAEUR
2021-10-07,2.0680658000000003,2.223475,2.01283,2.1326636,2.1326636,254708498,0.0,1.0,ADAEUR
2021-10-06,2.0895984000000003,2.1073862,1.9763182000000004,2.0680658000000003,2.0680658000000003,192646609,0.0,1.0,ADAEUR
2021-10-05,2.0512142,2.1139396,2.036235,2.0905346000000002,2.0905346000000002,131834376,0.0,1.0,ADAEUR
2021-10-04,2.1073862,2.1092586,2.01283,2.0512142,2.0512142,149496124,0.0,1.0,ADAEUR
2021-10-03,2.1036414,2.1616858000000003,2.0793002,2.1073862,2.1073862,136980609,0.0,1.0,ADAEUR
2021-10-02,2.111131,2.1738564,2.0521504000000004,2.1036414,2.1036414,147408004,0.0,1.0,ADAEUR
2021-10-01,1.9800630000000004,2.129855,1.9585304000000001,2.1120672,2.1120672,197157573,0.0,1.0,ADAEUR
